{
  "last_node_id": 45,
  "last_link_id": 47,
  "nodes": [
    {
      "id": 40,
      "type": "VHS_VideoInfo",
      "pos": {
        "0": 1331,
        "1": 542
      },
      "size": {
        "0": 262,
        "1": 206
      },
      "flags": {},
      "order": 2,
      "mode": 0,
      "inputs": [
        {
          "name": "video_info",
          "type": "VHS_VIDEOINFO",
          "link": 36
        }
      ],
      "outputs": [
        {
          "name": "source_fps🟨",
          "type": "FLOAT",
          "links": [
            37
          ],
          "slot_index": 0,
          "shape": 3
        },
        {
          "name": "source_frame_count🟨",
          "type": "INT",
          "links": null,
          "shape": 3
        },
        {
          "name": "source_duration🟨",
          "type": "FLOAT",
          "links": [],
          "shape": 3
        },
        {
          "name": "source_width🟨",
          "type": "INT",
          "links": null,
          "shape": 3
        },
        {
          "name": "source_height🟨",
          "type": "INT",
          "links": null,
          "shape": 3
        },
        {
          "name": "loaded_fps🟦",
          "type": "FLOAT",
          "links": null,
          "shape": 3
        },
        {
          "name": "loaded_frame_count🟦",
          "type": "INT",
          "links": null,
          "shape": 3
        },
        {
          "name": "loaded_duration🟦",
          "type": "FLOAT",
          "links": null,
          "shape": 3
        },
        {
          "name": "loaded_width🟦",
          "type": "INT",
          "links": null,
          "shape": 3
        },
        {
          "name": "loaded_height🟦",
          "type": "INT",
          "links": null,
          "shape": 3
        }
      ],
      "properties": {
        "Node name for S&R": "VHS_VideoInfo"
      },
      "widgets_values": {}
    },
    {
      "id": 38,
      "type": "VHS_VideoCombine",
      "pos": {
        "0": 1729,
        "1": 249
      },
      "size": [
        214.7587890625,
        429.55181884765625
      ],
      "flags": {},
      "order": 3,
      "mode": 0,
      "inputs": [
        {
          "name": "images",
          "type": "IMAGE",
          "link": 33
        },
        {
          "name": "audio",
          "type": "AUDIO",
          "link": 44,
          "shape": 7
        },
        {
          "name": "meta_batch",
          "type": "VHS_BatchManager",
          "link": null,
          "shape": 7
        },
        {
          "name": "vae",
          "type": "VAE",
          "link": null,
          "shape": 7
        },
        {
          "name": "frame_rate",
          "type": "FLOAT",
          "link": 37,
          "widget": {
            "name": "frame_rate"
          }
        }
      ],
      "outputs": [
        {
          "name": "Filenames",
          "type": "VHS_FILENAMES",
          "links": null,
          "shape": 3
        }
      ],
      "properties": {
        "Node name for S&R": "VHS_VideoCombine"
      },
      "widgets_values": {
        "frame_rate": 24,
        "loop_count": 0,
        "filename_prefix": "AnimateDiff",
        "format": "video/h264-mp4",
        "pix_fmt": "yuv420p",
        "crf": 19,
        "save_metadata": true,
        "pingpong": false,
        "save_output": false,
        "videopreview": {
          "hidden": false,
          "paused": true,
          "params": {
            "filename": "AnimateDiff_00001-audio.mp4",
            "subfolder": "",
            "type": "temp",
            "format": "video/h264-mp4",
            "frame_rate": 60.000277843379685
          },
          "muted": false
        }
      }
    },
    {
      "id": 34,
      "type": "VHS_LoadVideoPath",
      "pos": {
        "0": 1337,
        "1": 260
      },
      "size": [
        231.8896484375,
        214
      ],
      "flags": {},
      "order": 1,
      "mode": 0,
      "inputs": [
        {
          "name": "meta_batch",
          "type": "VHS_BatchManager",
          "link": null,
          "shape": 7
        },
        {
          "name": "vae",
          "type": "VAE",
          "link": null,
          "shape": 7
        },
        {
          "name": "video",
          "type": "STRING",
          "link": 47,
          "widget": {
            "name": "video"
          }
        }
      ],
      "outputs": [
        {
          "name": "IMAGE",
          "type": "IMAGE",
          "links": [
            33
          ],
          "slot_index": 0,
          "shape": 3
        },
        {
          "name": "frame_count",
          "type": "INT",
          "links": null,
          "shape": 3
        },
        {
          "name": "audio",
          "type": "AUDIO",
          "links": [
            44
          ],
          "slot_index": 2,
          "shape": 3
        },
        {
          "name": "video_info",
          "type": "VHS_VIDEOINFO",
          "links": [
            36
          ],
          "slot_index": 3,
          "shape": 3
        }
      ],
      "properties": {
        "Node name for S&R": "VHS_LoadVideoPath"
      },
      "widgets_values": {
        "video": "",
        "force_rate": 0,
        "force_size": "Disabled",
        "custom_width": 512,
        "custom_height": 512,
        "frame_load_cap": 90,
        "skip_first_frames": 0,
        "select_every_nth": 1,
        "videopreview": {
          "hidden": false,
          "paused": false,
          "params": {
            "frame_load_cap": 90,
            "skip_first_frames": 0,
            "force_rate": 0,
            "filename": "",
            "type": "path",
            "format": "video/",
            "select_every_nth": 1
          },
          "muted": false
        }
      }
    },
    {
      "id": 45,
      "type": "EasyUrlLoader",
      "pos": {
        "0": 878,
        "1": 365
      },
      "size": {
        "0": 315,
        "1": 58
      },
      "flags": {},
      "order": 0,
      "mode": 0,
      "inputs": [],
      "outputs": [
        {
          "name": "STRING",
          "type": "STRING",
          "links": [
            47
          ],
          "slot_index": 0
        }
      ],
      "properties": {
        "Node name for S&R": "EasyUrlLoader"
      },
      "widgets_values": [
        "https://youtu.be/Z9vNxzd6jx0?si=uRadInCv1DztkZC0"
      ]
    }
  ],
  "links": [
    [
      33,
      34,
      0,
      38,
      0,
      "IMAGE"
    ],
    [
      36,
      34,
      3,
      40,
      0,
      "VHS_VIDEOINFO"
    ],
    [
      37,
      40,
      0,
      38,
      4,
      "FLOAT"
    ],
    [
      44,
      34,
      2,
      38,
      1,
      "AUDIO"
    ],
    [
      47,
      45,
      0,
      34,
      2,
      "STRING"
    ]
  ],
  "groups": [],
  "config": {},
  "extra": {
    "ds": {
      "scale": 1.2100000000000002,
      "offset": [
        -640.9786786638839,
        -51.263090610173705
      ]
    }
  },
  "version": 0.4
}