{
  "last_node_id": 43,
  "last_link_id": 63,
  "nodes": [
    {
      "id": 33,
      "type": "VHS_LoadVideoPath",
      "pos": [
        1880,
        -590
      ],
      "size": [
        231.8896484375,
        286
      ],
      "flags": {},
      "order": 1,
      "mode": 0,
      "inputs": [
        {
          "name": "meta_batch",
          "type": "VHS_BatchManager",
          "shape": 7,
          "link": null
        },
        {
          "name": "vae",
          "type": "VAE",
          "shape": 7,
          "link": null
        },
        {
          "name": "video",
          "type": "STRING",
          "widget": {
            "name": "video"
          },
          "link": 62
        }
      ],
      "outputs": [
        {
          "name": "IMAGE",
          "type": "IMAGE",
          "links": [
            34
          ],
          "slot_index": 0
        },
        {
          "name": "frame_count",
          "type": "INT",
          "links": null
        },
        {
          "name": "audio",
          "type": "AUDIO",
          "links": [
            35
          ],
          "slot_index": 2
        },
        {
          "name": "video_info",
          "type": "VHS_VIDEOINFO",
          "links": [
            33
          ],
          "slot_index": 3
        }
      ],
      "properties": {
        "cnr_id": "comfyui-videohelpersuite",
        "ver": "73418575ca842f5f7575c48f17f45181e14715c1",
        "Node name for S&R": "VHS_LoadVideoPath"
      },
      "widgets_values": {
        "video": "",
        "force_rate": 0,
        "custom_width": 0,
        "custom_height": 0,
        "frame_load_cap": 10,
        "skip_first_frames": 0,
        "select_every_nth": 1,
        "format": "None",
        "videopreview": {
          "hidden": false,
          "paused": false,
          "params": {
            "filename": "",
            "type": "path",
            "format": "video/",
            "force_rate": 0,
            "custom_width": 0,
            "custom_height": 0,
            "frame_load_cap": 10,
            "skip_first_frames": 0,
            "select_every_nth": 1
          }
        }
      }
    },
    {
      "id": 9,
      "type": "PreviewAudio",
      "pos": [
        2097.54150390625,
        -213.81736755371094
      ],
      "size": [
        409.2619323730469,
        88
      ],
      "flags": {},
      "order": 5,
      "mode": 0,
      "inputs": [
        {
          "name": "audio",
          "type": "AUDIO",
          "link": 55
        }
      ],
      "outputs": [],
      "properties": {
        "cnr_id": "comfy-core",
        "ver": "0.3.26",
        "Node name for S&R": "PreviewAudio"
      },
      "widgets_values": [
        ""
      ]
    },
    {
      "id": 40,
      "type": "VHS_LoadAudio",
      "pos": [
        1826.7867431640625,
        -209.1080780029297
      ],
      "size": [
        228.2529296875,
        82
      ],
      "flags": {},
      "order": 2,
      "mode": 0,
      "inputs": [
        {
          "name": "audio_file",
          "type": "STRING",
          "widget": {
            "name": "audio_file"
          },
          "link": 61
        }
      ],
      "outputs": [
        {
          "name": "audio",
          "type": "AUDIO",
          "links": [
            55
          ],
          "slot_index": 0
        }
      ],
      "properties": {
        "cnr_id": "comfyui-videohelpersuite",
        "ver": "73418575ca842f5f7575c48f17f45181e14715c1",
        "Node name for S&R": "VHS_LoadAudio"
      },
      "widgets_values": {
        "audio_file": "input/",
        "seek_seconds": 0
      }
    },
    {
      "id": 32,
      "type": "VHS_VideoInfoLoaded",
      "pos": [
        2127.7294921875,
        -389.31561279296875
      ],
      "size": [
        242.013671875,
        106
      ],
      "flags": {},
      "order": 4,
      "mode": 0,
      "inputs": [
        {
          "name": "video_info",
          "type": "VHS_VIDEOINFO",
          "link": 33
        }
      ],
      "outputs": [
        {
          "name": "fps🟦",
          "type": "FLOAT",
          "links": [
            36
          ],
          "slot_index": 0
        },
        {
          "name": "frame_count🟦",
          "type": "INT",
          "links": null
        },
        {
          "name": "duration🟦",
          "type": "FLOAT",
          "links": null
        },
        {
          "name": "width🟦",
          "type": "INT",
          "links": null
        },
        {
          "name": "height🟦",
          "type": "INT",
          "links": null
        }
      ],
      "properties": {
        "cnr_id": "comfyui-videohelpersuite",
        "ver": "73418575ca842f5f7575c48f17f45181e14715c1",
        "Node name for S&R": "VHS_VideoInfoLoaded"
      },
      "widgets_values": {}
    },
    {
      "id": 6,
      "type": "VHS_LoadVideoPath",
      "pos": [
        2088.245849609375,
        -52.41049575805664
      ],
      "size": [
        231.8896484375,
        286
      ],
      "flags": {},
      "order": 3,
      "mode": 0,
      "inputs": [
        {
          "name": "meta_batch",
          "type": "VHS_BatchManager",
          "shape": 7,
          "link": null
        },
        {
          "name": "vae",
          "type": "VAE",
          "shape": 7,
          "link": null
        },
        {
          "name": "video",
          "type": "STRING",
          "widget": {
            "name": "video"
          },
          "link": 63
        }
      ],
      "outputs": [
        {
          "name": "IMAGE",
          "type": "IMAGE",
          "links": [
            5
          ],
          "slot_index": 0
        },
        {
          "name": "frame_count",
          "type": "INT",
          "links": null
        },
        {
          "name": "audio",
          "type": "AUDIO",
          "links": [
            14
          ],
          "slot_index": 2
        },
        {
          "name": "video_info",
          "type": "VHS_VIDEOINFO",
          "links": [
            6
          ],
          "slot_index": 3
        }
      ],
      "properties": {
        "cnr_id": "comfyui-videohelpersuite",
        "ver": "73418575ca842f5f7575c48f17f45181e14715c1",
        "Node name for S&R": "VHS_LoadVideoPath"
      },
      "widgets_values": {
        "video": "",
        "force_rate": 0,
        "custom_width": 0,
        "custom_height": 0,
        "frame_load_cap": 10,
        "skip_first_frames": 0,
        "select_every_nth": 1,
        "format": "None",
        "videopreview": {
          "hidden": false,
          "paused": false,
          "params": {
            "filename": "",
            "type": "path",
            "format": "video/",
            "force_rate": 0,
            "custom_width": 0,
            "custom_height": 0,
            "frame_load_cap": 10,
            "skip_first_frames": 0,
            "select_every_nth": 1
          }
        }
      }
    },
    {
      "id": 8,
      "type": "VHS_VideoInfoLoaded",
      "pos": [
        2362.592041015625,
        109.29295349121094
      ],
      "size": [
        242.013671875,
        106
      ],
      "flags": {},
      "order": 6,
      "mode": 0,
      "inputs": [
        {
          "name": "video_info",
          "type": "VHS_VIDEOINFO",
          "link": 6
        }
      ],
      "outputs": [
        {
          "name": "fps🟦",
          "type": "FLOAT",
          "links": [
            7
          ],
          "slot_index": 0
        },
        {
          "name": "frame_count🟦",
          "type": "INT",
          "links": null
        },
        {
          "name": "duration🟦",
          "type": "FLOAT",
          "links": null
        },
        {
          "name": "width🟦",
          "type": "INT",
          "links": null
        },
        {
          "name": "height🟦",
          "type": "INT",
          "links": null
        }
      ],
      "properties": {
        "cnr_id": "comfyui-videohelpersuite",
        "ver": "73418575ca842f5f7575c48f17f45181e14715c1",
        "Node name for S&R": "VHS_VideoInfoLoaded"
      },
      "widgets_values": {}
    },
    {
      "id": 7,
      "type": "VHS_VideoCombine",
      "pos": [
        2670.025146484375,
        -235.08763122558594
      ],
      "size": [
        214.7587890625,
        354
      ],
      "flags": {},
      "order": 8,
      "mode": 0,
      "inputs": [
        {
          "name": "images",
          "type": "IMAGE",
          "link": 5
        },
        {
          "name": "audio",
          "type": "AUDIO",
          "shape": 7,
          "link": 14
        },
        {
          "name": "meta_batch",
          "type": "VHS_BatchManager",
          "shape": 7,
          "link": null
        },
        {
          "name": "vae",
          "type": "VAE",
          "shape": 7,
          "link": null
        },
        {
          "name": "frame_rate",
          "type": "FLOAT,INT",
          "widget": {
            "name": "frame_rate"
          },
          "link": 7
        }
      ],
      "outputs": [
        {
          "name": "Filenames",
          "type": "VHS_FILENAMES",
          "links": null
        }
      ],
      "properties": {
        "cnr_id": "comfyui-videohelpersuite",
        "ver": "73418575ca842f5f7575c48f17f45181e14715c1",
        "Node name for S&R": "VHS_VideoCombine"
      },
      "widgets_values": {
        "frame_rate": 8,
        "loop_count": 0,
        "filename_prefix": "AnimateDiff",
        "format": "video/h264-mp4",
        "pix_fmt": "yuv420p",
        "crf": 19,
        "save_metadata": true,
        "trim_to_audio": false,
        "pingpong": false,
        "save_output": false,
        "videopreview": {
          "hidden": false,
          "paused": false,
          "params": {
            "filename": "AnimateDiff_00002-audio.mp4",
            "subfolder": "",
            "type": "temp",
            "format": "video/h264-mp4",
            "frame_rate": 24.000050686485082,
            "workflow": "AnimateDiff_00002.png",
            "fullpath": "D:\\StabilityMatrix\\Packages\\ComfyUI-DEV\\temp\\AnimateDiff_00002-audio.mp4"
          }
        }
      }
    },
    {
      "id": 34,
      "type": "VHS_VideoCombine",
      "pos": [
        2449.7998046875,
        -754.809326171875
      ],
      "size": [
        214.7587890625,
        354
      ],
      "flags": {},
      "order": 7,
      "mode": 0,
      "inputs": [
        {
          "name": "images",
          "type": "IMAGE",
          "link": 34
        },
        {
          "name": "audio",
          "type": "AUDIO",
          "shape": 7,
          "link": 35
        },
        {
          "name": "meta_batch",
          "type": "VHS_BatchManager",
          "shape": 7,
          "link": null
        },
        {
          "name": "vae",
          "type": "VAE",
          "shape": 7,
          "link": null
        },
        {
          "name": "frame_rate",
          "type": "FLOAT,INT",
          "widget": {
            "name": "frame_rate"
          },
          "link": 36
        }
      ],
      "outputs": [
        {
          "name": "Filenames",
          "type": "VHS_FILENAMES",
          "links": null
        }
      ],
      "properties": {
        "cnr_id": "comfyui-videohelpersuite",
        "ver": "73418575ca842f5f7575c48f17f45181e14715c1",
        "Node name for S&R": "VHS_VideoCombine"
      },
      "widgets_values": {
        "frame_rate": 8,
        "loop_count": 0,
        "filename_prefix": "AnimateDiff",
        "format": "video/h264-mp4",
        "pix_fmt": "yuv420p",
        "crf": 19,
        "save_metadata": true,
        "trim_to_audio": false,
        "pingpong": false,
        "save_output": false,
        "videopreview": {
          "hidden": false,
          "paused": false,
          "params": {
            "filename": "AnimateDiff_00002-audio.mp4",
            "subfolder": "",
            "type": "temp",
            "format": "video/h264-mp4",
            "frame_rate": 23.97613101566814,
            "workflow": "AnimateDiff_00002.png",
            "fullpath": "D:\\StabilityMatrix\\Packages\\ComfyUI-DEV\\temp\\AnimateDiff_00002-audio.mp4"
          }
        }
      }
    },
    {
      "id": 43,
      "type": "EasyUrlLoader",
      "pos": [
        1434.0089111328125,
        -225.61509704589844
      ],
      "size": [
        315,
        242
      ],
      "flags": {},
      "order": 0,
      "mode": 0,
      "inputs": [],
      "outputs": [
        {
          "name": "full_video_path",
          "type": "STRING",
          "links": [
            62
          ],
          "slot_index": 0
        },
        {
          "name": "audio_path",
          "type": "STRING",
          "links": [
            61
          ],
          "slot_index": 1
        },
        {
          "name": "video_path",
          "type": "STRING",
          "links": [
            63
          ],
          "slot_index": 2
        }
      ],
      "properties": {
        "cnr_id": "comfyui-easyurlloader",
        "ver": "1.0.9",
        "Node name for S&R": "EasyUrlLoader"
      },
      "widgets_values": [
        "https://youtu.be/0J3vgcE5i2o?si=YBs3Xk2kbHZacPl4",
        true,
        true,
        true,
        "",
        "",
        ""
      ]
    }
  ],
  "links": [
    [
      5,
      6,
      0,
      7,
      0,
      "IMAGE"
    ],
    [
      6,
      6,
      3,
      8,
      0,
      "VHS_VIDEOINFO"
    ],
    [
      7,
      8,
      0,
      7,
      4,
      "FLOAT,INT"
    ],
    [
      14,
      6,
      2,
      7,
      1,
      "AUDIO"
    ],
    [
      33,
      33,
      3,
      32,
      0,
      "VHS_VIDEOINFO"
    ],
    [
      34,
      33,
      0,
      34,
      0,
      "IMAGE"
    ],
    [
      35,
      33,
      2,
      34,
      1,
      "AUDIO"
    ],
    [
      36,
      32,
      0,
      34,
      4,
      "FLOAT,INT"
    ],
    [
      55,
      40,
      0,
      9,
      0,
      "AUDIO"
    ],
    [
      61,
      43,
      1,
      40,
      0,
      "STRING"
    ],
    [
      62,
      43,
      0,
      33,
      2,
      "STRING"
    ],
    [
      63,
      43,
      2,
      6,
      2,
      "STRING"
    ]
  ],
  "groups": [],
  "config": {},
  "extra": {
    "ds": {
      "scale": 0.8390545288824038,
      "offset": [
        -836.5858326205655,
        897.1996835513737
      ]
    },
    "VHS_latentpreview": false,
    "VHS_latentpreviewrate": 0,
    "VHS_MetadataImage": true,
    "VHS_KeepIntermediate": true
  },
  "version": 0.4
}